{
  "npmScope": "nativescript",
  "affected": {
    "defaultBase": "master"
  },
  "workspaceLayout": {
    "appsDir": "apps",
    "libsDir": "packages"
  },
  "tasksRunnerOptions": {
    "default": {
      "runner": "nx/tasks-runners/default",
      "options": {
        "cacheableOperations": ["build", "build.all", "lint", "test", "e2e"],
        "runtimeCacheInputs": ["node -v"],
        "parallel": 1,
        "useDaemonProcess": false
      }
    }
  },
  "$schema": "./node_modules/nx/schemas/nx-schema.json",
  "namedInputs": {
    "default": ["{projectRoot}/**/*", "sharedGlobals"],
    "sharedGlobals": ["{workspaceRoot}/workspace.json", "{workspaceRoot}/tsconfig.base.json", "{workspaceRoot}/tslint.json", "{workspaceRoot}/nx.json"],
    "production": ["default", "!{projectRoot}/.eslintrc.json"]
  },
  "targetDefaults": {
    "build": {
      "inputs": ["production", "^production"]
    },
    "lint": {
      "inputs": ["default", "{workspaceRoot}/.eslintrc.json"]
    }
  }
}
